Time,TradingStrategy,BuyAndHold
1,164366,164366
2,162912,162912
3,163644,163619
4,163115,163092
5,163381,163337
6,164731,164628
7,165452,165346
8,166993,166839
9,167244,167048
10,166877,166701
11,166685,166517
12,166937,166743
13,167525,167330
14,168191,167984
15,167446,167251
16,167639,167437
17,168836,168663
18,169551,169309
19,169380,169132
20,171187,170898
21,171194,170946
22,170545,170284
23,170182,169905
24,170088,169770
25,169450,169125
26,170274,169962
27,169513,169168
28,168536,168211
29,168215,167873
30,166899,166553
31,164621,164301
32,163767,163501
33,164501,164226
34,164644,164293
35,164127,163691
36,163501,162999
37,163706,163199
38,164021,163527
39,163452,162998
40,164647,164119
41,162919,162518
42,162974,162582
43,163185,162880
44,163539,163174
45,162739,162371
46,162473,162087
47,160883,160756
48,160196,160218
49,161881,161711
50,162459,162272
51,163044,162900
52,162875,162734
53,164017,163708
54,162844,162611
55,163212,162819
56,162787,162540
57,162556,162172
58,163808,163193
59,163980,163307
60,163656,162943
61,162331,161662
62,163043,162333
63,163503,162767
64,162939,162247
65,162499,161938
66,161241,160777
67,160256,159836
68,160404,159946
69,160936,160372
70,159816,159446
71,159602,159338
72,161312,160775
73,161852,161233
74,161818,161108
75,162013,161262
76,163006,162035
77,163079,162046
78,164057,162907
79,163763,162748
80,164060,163015
81,163554,162698
82,164924,163908
83,165582,164512
84,167034,165770
85,167055,165896
86,167729,166486
87,168362,167036
88,169127,167666
89,170387,168722
90,169536,167736
91,169346,167667
92,168228,166891
93,167905,166612
94,167374,166142
95,166059,164871
96,164093,163021
97,164525,163550
98,165862,164707
99,164866,163971
100,164705,163714
101,163851,162766
102,165303,164088
103,166006,164523
104,167230,165609
105,168743,166843
106,169435,167608
107,169776,168067
108,170563,168783
109,170843,169095
110,171385,169448
111,172483,170503
112,171945,170070
113,172370,170482
114,172434,170493
115,171615,169754
116,170357,168634
117,169953,168316
118,167442,166304
119,168057,166738
120,168108,166879
121,167895,166541
122,168010,166886
123,167412,166420
124,168982,167869
125,169859,168598
126,169540,168597
127,171331,170110
128,172007,170815
129,171910,170786
130,171525,170520
131,172039,170995
132,171436,170207
133,172270,170607
134,172107,170292
135,172130,170597
136,172769,171285
137,174018,172259
138,175945,173915
139,176534,174480
140,177387,175233
141,177345,175053
142,177675,175511
143,178355,176143
144,177801,175507
145,178786,176274
146,178204,175612
147,179422,176659
148,178360,175605
149,177822,174807
150,177714,174638
151,176737,173763
152,176522,173704
153,177090,174232
154,175278,172796
155,173678,171107
156,172594,170195
157,172217,169862
158,172656,170381
159,172538,170174
160,170761,168563
161,171235,169036
162,170839,168715
163,171485,169450
164,170656,168667
165,170102,168218
166,170555,168614
167,170009,168195
168,170232,168611
169,169290,168124
170,169210,168355
171,170678,169616
172,172136,170763
173,172487,171079
174,172925,171631
175,171927,170850
176,170645,169304
177,171423,169909
178,171839,170157
179,170947,169576
180,170135,168783
181,171723,169953
182,173095,170916
183,173423,171395
184,172496,170609
185,171890,169967
186,171606,169843
187,171558,169711
188,171241,169384
189,171203,169176
190,172983,170498
191,174078,171545
192,174594,172199
193,174832,172040
194,173223,170595
195,173411,170661
196,171621,169269
197,171589,169280
198,171236,168962
199,170481,168303
200,170765,168804
201,170435,168796
202,169788,168066
203,171469,169477
204,173012,171069
205,173226,171433
206,173376,171450
207,174306,172061
208,175568,173168
209,175178,172977
210,176808,174197
211,178453,175555
212,178840,175956
213,178740,175912
214,180981,177589
215,180372,177432
216,180870,178252
217,181434,179075
218,182134,179554
219,180523,178122
220,180838,178517
221,182383,179821
222,182854,180201
223,182283,179559
224,182096,179604
225,181069,178727
226,180950,178556
227,181720,178954
228,181234,178783
229,181541,179542
230,180202,178637
231,180571,179242
232,181427,179863
233,180803,179712
234,179263,177964
235,178767,177821
236,179159,177923
237,177332,176405
238,177746,176715
239,178395,177426
240,176959,175548
241,178595,176899
242,178395,177123
243,178796,177395
244,181030,179333
245,181108,179405
246,181352,180070
247,180788,179783
248,179962,178611
249,178997,178005
250,179090,177947
251,179275,178103
252,177014,175620
253,175582,174485
254,176393,175035
255,175002,173680
256,175441,174085
257,175399,174174
258,175490,174740
259,178227,177442
260,178188,177559
261,177075,176619
262,177517,177013
263,177363,177090
264,177153,177122
265,178579,178817
266,176026,177130
267,176215,177114
268,177750,178162
269,174933,175850
270,175299,176589
271,173381,174946
272,172615,174311
273,174087,176084
274,175479,177707
275,175120,177147
276,175014,177006
277,175712,177830
278,175609,177073
279,174028,175121
280,172384,173692
281,173732,174819
282,174353,175235
283,174842,175544
284,174883,175517
285,174859,175506
286,175240,176051
287,176478,177206
288,175039,175382
289,175626,176400
290,173830,175263
291,173762,175470
292,174630,176454
293,175247,176939
294,174658,176197
295,174518,176668
296,173052,175835
297,170881,173575
298,170285,173214
299,168938,171983
300,169953,172712
301,170644,172936
302,171172,173007
303,170161,171773
304,170398,171923
305,169093,170930
306,169602,171902
307,169737,172085
308,171434,173614
309,169777,172409
310,170870,173288
311,170883,173104
312,170723,173514
313,170364,173011
314,170117,172579
315,169258,171831
316,169253,171843
317,170592,172885
318,172567,174021
319,173467,174616
320,172973,174201
321,173677,174989
322,172366,174223
323,174290,175297
324,173977,174989
325,175003,175400
326,174183,174690
327,174155,174510
328,173847,174150
329,173781,174237
330,172777,173671
331,172815,173788
332,173557,174337
333,171225,172521
334,170361,171714
335,169934,171733
336,168753,170767
337,166785,169208
338,167987,169839
339,169577,171181
340,171527,173068
341,170530,172743
342,168593,171306
343,167863,170988
344,168193,170918
345,170404,172554
346,171398,172816
347,171435,172655
348,171670,172734
349,173021,174290
350,171593,173078
351,171012,172633
352,171300,172782
353,170653,172248
354,170851,172335
355,170797,172220
356,172002,172863
357,170547,171963
358,170104,171946
359,170500,172127
360,171458,173125
361,171865,173441
362,170345,172748
363,169630,172314
364,170978,172958
365,172372,174002
366,170615,172672
367,170984,172624
368,171367,173223
369,172004,173803
370,171591,173326
371,170547,172919
372,171811,173560
373,172670,174466
374,171225,173350
375,169898,172365
376,170731,172931
377,172654,174097
378,174263,175341
379,174352,175401
380,175051,176236
381,173916,175684
382,175912,177313
383,176077,177542
384,176012,177652
385,174182,176530
386,177095,179008
387,176318,177853
388,177736,178984
389,177465,178572
390,178948,180806
391,179549,180500
392,178210,179611
393,179926,180765
394,180137,180472
395,180103,180657
396,179622,180167
397,180169,180622
398,180495,181249
399,179222,180313
400,179582,180637
401,179915,181432
402,179896,181856
403,179880,182389
404,177914,180741
405,177502,180405
406,178953,181955
407,178121,181598
408,179052,182225
409,178149,181199
410,179649,182389
411,177654,180307
412,179315,181640
413,176915,179364
414,176871,179526
415,176837,179838
416,176957,179613
417,176161,179075
418,177650,180220
419,178631,180365
420,180245,181175
421,180533,181558
422,179223,179595
423,179443,179722
424,178411,178496
425,179268,178653
426,180352,179617
427,179817,179163
428,181043,180214
429,178968,179465
430,178369,179223
431,177627,178586
432,177898,178941
433,178522,179313
434,181033,181491
435,180467,180789
436,180416,181134
437,178920,179684
438,177867,178575
439,177535,178431
440,177063,177956
441,178965,179099
442,179253,179516
443,181097,180970
444,181930,181602
445,181584,181828
446,180833,180628
447,181735,181664
448,181011,181487
449,180491,181423
450,180839,181104
451,181094,181117
452,182457,182669
453,182182,183368
454,182690,183544
455,181638,182925
456,182707,183771
457,182825,183391
458,182928,183349
459,181977,181793
460,181891,181452
461,181834,181280
462,182419,181657
463,181776,180935
464,182246,181911
465,183236,181728
466,183936,181627
467,183675,181232
468,183411,180627
469,183407,180317
470,184120,180585
471,184169,180393
472,184011,180329
473,184978,180752
474,186851,181596
475,186271,181532
476,186254,181863
477,184533,180779
478,185754,181665
479,185719,181990
480,185926,181530
481,186368,181777
482,187630,183076
483,187896,183408
484,188432,183234
485,189775,183607
486,191712,184930
487,192496,185826
488,191337,185276
489,192293,186177
490,191141,185337
491,191997,186334
492,190808,186072
493,190002,184620
494,188774,183731
495,190142,184985
496,188506,183276
497,188235,182761
498,190488,183869
499,188627,181621
500,189264,182584
501,187332,181576
502,184732,179547
503,185190,180430
504,187717,182272
505,186516,181563
506,185717,181292
507,183365,180278
508,183514,180059
509,185062,180600
510,184296,180122
511,184780,180275
512,184747,180631
513,185496,181454
514,186207,181487
515,186264,181631
516,186942,182431
517,189368,184225
518,186681,182276
519,184718,181059
520,184629,181167
521,186036,182235
522,187246,183298
523,187320,183649
524,187543,184539
525,186417,184495
526,188597,185321
527,187279,183895
528,186577,183832
529,188032,184386
530,186582,183415
531,185203,181857
532,186702,183109
533,190121,186050
534,189020,185032
535,189667,184619
536,187911,183567
537,186727,182448
538,185239,181578
539,184345,181127
540,182810,179824
541,182616,179855
542,186101,182357
543,185434,182145
544,185017,181179
545,186246,181813
546,184221,180571
547,184691,181119
548,182873,180203
549,181827,180249
550,184194,181893
551,184031,182008
552,181757,180316
553,180711,179588
554,180929,179491
555,178679,178770
556,177840,179155
557,179092,179991
558,179209,180508
559,181082,181910
560,181699,182376
561,181578,182942
562,182280,183613
563,181869,182718
564,183222,183835
565,181545,182771
566,183811,184048
567,183796,184199
568,182952,184276
569,183993,184951
570,183754,185339
571,182742,184404
572,181366,183056
573,181261,182640
574,182012,182811
575,182195,183108
576,181345,181873
577,178798,179371
578,177593,178997
579,174578,177320
580,172820,175986
581,173857,176634
582,172908,175580
583,170502,174880
584,170981,175454
585,171151,175991
586,172885,177194
587,171128,175953
588,171407,175227
589,174365,176688
590,171492,174483
591,171403,174146
592,170725,174014
593,170248,173509
594,172532,175354
595,173096,175932
596,172356,175967
597,169872,175376
598,170722,175562
599,170969,176074
600,167958,173773
601,168638,173928
602,169985,175041
603,170191,175189
604,171414,176303
605,172540,177121
606,172407,177341
607,172974,177319
608,171153,176028
609,170346,175300
610,169854,174409
611,171425,175424
612,171696,176192
613,172155,176137
614,171155,175655
615,170995,175758
616,170380,175854
617,170505,176131
618,172405,177544
619,173331,177556
620,174518,178184
621,173413,177190
622,173325,177351
623,172281,176841
624,173604,177958
625,171570,176308
626,171456,176120
627,170480,175013
628,170666,174988
629,170802,175233
630,170495,174902
631,169233,174162
632,168795,174114
633,171914,175802
634,169246,174377
635,172941,177008
636,174980,178691
637,173920,177689
638,175162,179013
639,173614,177416
640,174237,178401
641,173866,177955
642,174481,177947
643,175241,177656
644,172511,175857
645,172135,175400
646,171998,174962
647,173988,176122
648,173789,176644
649,173534,177605
650,173890,178425
651,173934,178643
652,175818,179552
653,174209,178221
654,174037,177836
655,175366,179457
656,175595,179320
657,176387,179885
658,177291,180956
659,176613,180151
660,179450,182003
661,178957,182005
662,180261,182832
663,180210,182864
664,180177,182475
665,178581,181572
666,180979,183216
667,183186,184761
668,185187,184491
669,186260,185569
670,185942,184979
671,189189,186652
672,188439,187410
673,188049,187384
674,185527,185538
675,188312,186858
676,188631,186432
677,186538,185296
678,185181,184031
679,186843,185440
680,187171,185804
681,186974,185631
682,189860,186682
683,190144,186489
684,190252,186564
685,189741,186471
686,189789,186275
687,188705,185813
688,190973,187231
689,191405,188387
690,190708,188738
691,189651,188332
692,189204,187995
693,190811,189021
694,191457,189385
695,189518,187130
696,191656,188909
697,191949,189420
698,192647,190407
699,192464,189674
700,192475,189760
701,194360,191404
702,195075,190498
703,195432,191133
704,193310,189233
705,194463,190886
706,195277,191887
707,194359,191332
708,194214,190700
709,194237,190402
710,193089,189823
711,190255,188566
712,189014,187667
713,188412,187371
714,189197,188822
715,189931,189108
716,190505,188995
717,191244,189585
718,190133,188854
719,190828,189382
720,190988,189240
721,193722,192511
722,197553,193882
723,197624,193314
724,196531,192756
725,195960,192885
726,200269,195211
727,199608,194289
728,199396,194239
729,199225,194327
730,200363,195006
731,197486,193099
732,196972,192271
733,198631,193113
734,199413,193855
735,197633,192839
736,197773,192865
737,197127,192723
738,197197,192665
739,196328,192008
740,197372,194083
741,195092,192212
742,194548,191412
743,194299,191265
744,193631,190493
745,191073,188732
746,189230,187908
747,189874,188149
748,190465,187824
749,190010,187568
750,190323,187492
751,186536,184598
752,184884,183735
753,184145,182834
754,184312,183272
755,185233,184014
756,186085,184586
757,185708,184503
758,184441,183466
759,185721,184441
760,187433,186126
761,184417,183489
762,182381,182384
763,183052,182502
764,181859,182969
765,182434,183298
766,180120,181807
767,178663,180477
768,179109,180826
769,179172,181071
770,180251,182101
771,180233,182120
772,181893,183258
773,180881,182530
774,180232,181201
775,175878,178264
776,173607,175800
777,173756,176296
778,174076,176594
779,173294,176569
780,174772,177437
781,174088,177036
782,173858,176927
783,172774,176577
784,169998,174593
785,170198,175119
786,170916,174932
787,171753,174886
788,171855,175119
789,171559,175479
790,171979,176556
791,170775,175475
792,168738,174195
793,169183,175055
794,169142,175351
795,170873,176991
796,171568,176880
797,170168,176194
798,170313,176678
799,169009,175344
800,170512,176464
801,169559,176421
802,170334,177005
803,169388,176421
804,169984,177041
805,170530,177433
806,174077,180243
807,175157,180890
808,177425,183040
809,175214,181370
810,174736,180963
811,175022,181070
812,176626,182323
813,176071,182302
814,176385,182877
815,177072,183087
816,177155,183551
817,177033,184279
818,176118,183256
819,176780,183796
820,177008,183784
821,179733,186652
822,181144,187146
823,179043,185909
824,179668,186709
825,178258,185337
826,178648,186524
827,176563,185167
828,178138,187021
829,177827,186914
830,177526,187373
831,177697,187282
832,176329,186070
833,176607,186002
834,175102,184553
835,173612,183357
836,174012,183230
837,175257,183681
838,176003,184846
839,174261,183911
840,175778,184665
841,176050,185720
842,176422,186043
843,175163,184152
844,174118,183374
845,172535,182472
846,174871,184042
847,176133,184778
848,176118,185018
849,174715,184299
850,175771,186096
851,175406,186115
852,174000,184808
853,175537,186343
854,178474,188525
855,176417,187328
856,180267,189246
857,183162,191538
858,185680,193127
859,185157,192898
860,187105,194458
861,185539,192787
862,185149,192846
863,185603,193991
864,184477,191782
865,185315,192953
866,187610,196028
867,188228,197300
868,189598,198117
869,186280,195912
870,184130,193927
871,184250,194216
872,185608,195230
873,185985,196311
874,184954,195818
875,184949,195028
876,187219,196566
877,187227,196952
878,184015,194851
879,182000,193589
880,182050,193864
881,181003,192946
882,178925,190781
883,175469,188064
884,175623,188416
885,177438,189946
886,177577,190227
887,176421,189238
888,176728,189329
889,176733,189263
890,176000,189077
891,176228,189702
892,173531,188242
893,171675,186450
894,171057,185631
895,171716,186129
896,174761,189451
897,173479,188422
898,174929,188912
899,174780,187983
900,172943,186400
901,171502,185864
902,173113,186927
903,171681,186756
904,173564,188158
905,173184,188308
906,173430,188852
907,172968,187892
908,174132,189091
909,175029,190571
910,176418,191065
911,176332,190123
912,175841,189721
913,176347,189400
914,173963,187642
915,175012,188536
916,175984,189446
917,174089,188152
918,175477,189514
919,179373,192201
920,177648,190706
921,176397,189853
922,175720,189469
923,175325,188218
924,175986,188786
925,174625,188307
926,173589,187800
927,173190,188319
928,173841,188504
929,174494,188964
930,174884,189286
931,175893,190786
932,177834,193335
933,180128,194600
934,180949,195071
935,179705,193213
936,178523,192376
937,179275,192864
938,179567,192947
939,179754,194185
940,178660,193654
941,176699,192099
942,176309,191768
943,175524,190901
944,175429,190647
945,175820,191299
946,173886,189468
947,175112,189768
948,174279,189295
949,174782,189974
950,175126,190340
951,177225,192510
952,174986,190715
953,174734,190646
954,175168,190385
955,174816,190073
956,173531,188783
957,177946,192157
958,178065,192536
959,178121,192250
960,177225,192296
961,175663,191475
962,177360,192418
963,175490,191120
964,177471,192813
965,176475,191627
966,176268,191313
967,176155,190594
968,174462,189272
969,175883,190250
970,175972,190649
971,176376,190940
972,176575,190447
973,176388,190049
974,178214,191698
975,176318,190179
976,176177,189318
977,174930,188431
978,176405,189526
979,174767,187596
980,175806,188857
981,176699,189688
982,179286,191269
983,180045,192143
984,182392,194710
985,182089,194694
986,181517,194931
987,182860,195930
988,180492,193551
989,180049,192975
990,183301,196153
991,185172,196341
992,183305,194017
993,182774,193619
994,181069,192711
995,182551,193755
996,182326,193618
997,181627,193223
998,181057,193244
999,181062,193050
1000,182121,194513
